DatasetSize,Algorithm,ExecutionTimeMs,SelectedChunksCount,TotalTokens,TotalRelevance,AverageSimilarity,TopicCoverage,TokenBudget,Timestamp
10,"Greedy Ratio Optimizer",1.0080,10,202,378.48,0.1111,100.00,350,"2026-09-27 23:51:21"
10,"0-1 Knapsack Dynamic Programming",0.9820,10,202,378.48,0.1111,100.00,350,"2026-09-27 23:51:21"
10,"FPTAS / 2-Approximation Optimizer",1.0220,10,202,378.48,0.1111,100.00,350,"2026-09-27 23:51:21"
10,"Randomized Search / Genetic Optimizer",137.6560,10,202,378.48,0.1111,100.00,350,"2026-09-27 23:51:21"
10,"Submodular Lazy Greedy Maximizer",31.1890,10,202,378.48,0.1111,100.00,350,"2026-09-27 23:51:21"
25,"Greedy Ratio Optimizer",1.0740,18,347,767.75,0.1699,100.00,350,"2026-09-27 23:51:21"
25,"0-1 Knapsack Dynamic Programming",3.1790,18,350,767.75,0.1634,100.00,350,"2026-09-27 23:51:21"
25,"FPTAS / 2-Approximation Optimizer",3.5880,18,347,767.75,0.1699,100.00,350,"2026-09-27 23:51:21"
25,"Randomized Search / Genetic Optimizer",303.4480,18,349,767.75,0.1699,100.00,350,"2026-09-27 23:51:21"
25,"Submodular Lazy Greedy Maximizer",306.4260,17,328,747.52,0.1618,100.00,350,"2026-09-27 23:51:21"
50,"Greedy Ratio Optimizer",3.5460,16,349,1054.57,0.3417,81.48,350,"2026-09-27 23:51:21"
50,"0-1 Knapsack Dynamic Programming",11.1940,16,349,1054.57,0.3417,81.48,350,"2026-09-27 23:51:21"
50,"FPTAS / 2-Approximation Optimizer",4.4880,16,349,1054.57,0.3417,81.48,350,"2026-09-27 23:51:21"
50,"Randomized Search / Genetic Optimizer",567.9230,16,349,1054.57,0.3417,81.48,350,"2026-09-27 23:51:21"
50,"Submodular Lazy Greedy Maximizer",848.3180,17,345,993.52,0.1618,100.00,350,"2026-09-27 23:51:21"
100,"Greedy Ratio Optimizer",4.6000,16,348,1329.79,0.2917,59.26,350,"2026-09-27 23:51:21"
100,"0-1 Knapsack Dynamic Programming",11.3050,16,348,1329.79,0.2917,59.26,350,"2026-09-27 23:51:21"
100,"FPTAS / 2-Approximation Optimizer",7.1330,16,348,1329.79,0.2917,59.26,350,"2026-09-27 23:51:21"
100,"Randomized Search / Genetic Optimizer",1061.5950,16,347,1318.74,0.2917,59.26,350,"2026-09-27 23:51:21"
100,"Submodular Lazy Greedy Maximizer",1732.3470,16,335,1254.78,0.2167,100.00,350,"2026-09-27 23:51:21"
250,"Greedy Ratio Optimizer",6.6490,18,347,1617.70,0.5490,59.26,350,"2026-09-27 23:51:21"
250,"0-1 Knapsack Dynamic Programming",11.5130,18,347,1617.70,0.5490,59.26,350,"2026-09-27 23:51:21"
250,"FPTAS / 2-Approximation Optimizer",10.2760,18,347,1617.70,0.5490,59.26,350,"2026-09-27 23:51:21"
250,"Randomized Search / Genetic Optimizer",2819.9060,18,356,1552.16,0.4314,59.26,350,"2026-09-27 23:51:21"
250,"Submodular Lazy Greedy Maximizer",5096.7400,17,346,1366.39,0.2500,100.00,350,"2026-09-27 23:51:21"
500,"Greedy Ratio Optimizer",4.9710,19,338,1708.36,1.0000,22.22,350,"2026-09-27 23:51:21"
500,"0-1 Knapsack Dynamic Programming",12.6410,19,348,1712.11,0.8012,40.74,350,"2026-09-27 23:51:21"
500,"FPTAS / 2-Approximation Optimizer",4.6470,19,338,1708.36,1.0000,22.22,350,"2026-09-27 23:51:21"
500,"Randomized Search / Genetic Optimizer",5054.8150,19,357,1661.28,0.6316,59.26,350,"2026-09-27 23:51:21"
500,"Submodular Lazy Greedy Maximizer",10958.5360,17,346,1360.68,0.2500,100.00,350,"2026-09-27 23:51:21"
